,value
0,1.732
1,1.732
2,1.96
3,1.732
4,1.706
5,1.734
6,1.766
7,1.766
8,2.026
9,1.7619999999999998
10,1.704
11,1.834
12,1.832
13,1.826
14,1.908
15,1.798
16,1.732
17,1.802
18,1.764
19,1.86
20,1.998
21,1.7719999999999998
22,1.734
23,1.766
24,1.76
25,1.7380000000000002
26,1.93
27,1.8
28,1.732
29,1.766
30,1.798
31,1.8
32,1.99
33,1.7380000000000002
34,1.76
35,1.7719999999999998
36,1.764
37,1.732
38,2.0
39,1.7
40,1.798
41,1.732
42,1.764
43,1.7619999999999998
44,1.97
45,1.7280000000000002
46,1.806
47,1.8
48,1.86
49,1.7380000000000002
50,1.992
51,1.702
52,1.766
53,1.76
54,1.832
55,1.774
56,1.998
57,1.7919999999999998
58,1.798
59,1.838
60,1.798
61,1.764
62,2.032
63,1.83
64,1.766
65,1.954
66,1.702
67,1.866
68,1.966
69,1.83
70,1.76
71,1.836
72,1.766
73,1.826
74,1.904
75,1.83
76,1.732
77,1.826
78,1.704
79,1.766
80,1.958
81,1.764
82,1.768
83,1.7719999999999998
84,1.788
85,1.67
86,1.866
87,1.732
88,1.726
89,1.706
90,1.834
91,1.734
92,1.968
93,1.966
94,2.0580000000000003
95,1.838
96,1.966
97,1.932
98,2.162
99,1.926
100,1.968
101,1.932
102,2.006
103,1.992
104,2.0340000000000003
105,1.704
106,1.834
107,1.732
108,1.824
109,1.704
110,1.966
111,1.766
112,1.8
113,1.764
114,1.858
115,1.84
116,2.0
117,1.8
118,1.76
119,1.806
120,1.766
121,1.8
122,1.966
123,1.796
124,1.798
125,1.794
126,1.84
127,1.766
128,1.962
129,1.766
130,1.756
131,1.7380000000000002
132,1.7280000000000002
133,1.832
134,2.0
135,1.7
136,1.774
137,1.8
138,1.732
139,1.8
140,2.06
141,1.798
142,1.764
143,1.67
144,1.86
145,1.83
146,1.942
147,1.766
148,1.766
149,1.76
150,1.838
151,1.86
152,1.904
153,1.7619999999999998
154,1.86
155,1.7380000000000002
156,2.466
157,1.8
158,1.966
159,1.734
160,1.798
161,1.76
162,1.77
163,1.826
164,1.94
165,1.766
166,1.8
167,1.794
168,1.798
169,1.7719999999999998
170,2.032
171,1.798
172,1.832
173,1.796
174,1.798
175,1.7919999999999998
176,2.102
177,1.7380000000000002
178,1.768
179,1.888
180,1.702
181,1.958
182,1.866
183,1.734
184,1.766
185,1.824
186,1.7380000000000002
187,1.7919999999999998
188,2.036
189,1.73
190,1.7380000000000002
191,1.794
192,1.7380000000000002
193,1.796
194,1.926
195,1.866
196,1.732
197,1.8
198,1.7719999999999998
199,1.89
200,1.9
201,1.8
202,1.768
203,1.858
204,1.7380000000000002
205,1.8
206,1.962
207,1.824
208,1.7719999999999998
209,1.766
210,1.832
211,1.822
212,1.938
213,1.7919999999999998
214,1.83
215,1.704
216,1.8
217,1.76
218,2.008
219,1.76
220,1.802
221,1.756
222,1.838
223,1.768
224,2.026
225,1.798
226,1.764
227,1.774
228,1.858
229,1.73
230,1.872
231,1.758
232,1.828
233,2.0980000000000003
234,1.706
235,1.858
236,1.874
237,1.764
238,1.76
239,1.706
240,1.766
241,1.7919999999999998
242,1.876
243,1.7919999999999998
244,1.706
245,1.86
246,1.732
247,1.764
248,1.976
249,1.892
250,1.636
251,1.794
252,1.736
253,1.76
254,1.934
255,1.83
256,1.726
257,1.7719999999999998
258,1.866
259,1.766
260,1.996
261,1.8
262,1.856
263,1.704
264,1.798
265,1.764
266,2.092
267,1.6980000000000002
268,1.806
269,1.768
270,1.866
271,1.798
272,2.06
273,1.77
274,1.828
275,1.7719999999999998
276,1.8
277,1.794
278,1.976
279,1.826
280,1.736
281,1.7919999999999998
282,1.836
283,1.764
284,1.994
285,1.84
286,1.834
287,1.798
288,1.826
289,1.7719999999999998
290,1.89
291,1.8
292,1.732
293,1.7619999999999998
294,1.798
295,1.766
296,1.976
297,1.83
298,1.734
299,1.798
300,1.764
301,1.83
302,1.93
303,1.86
304,1.704
305,1.798
306,1.832
307,1.798
308,1.93
309,1.766
310,1.726
311,1.828
312,1.7380000000000002
313,1.732
314,1.968
315,1.734
316,1.8
317,1.79
318,1.7380000000000002
319,1.86
320,1.974
321,1.73
322,1.802
323,1.76
324,1.8
325,1.774
326,2.02
327,1.736
328,1.858
329,1.736
330,1.8
331,1.766
332,1.998
333,1.794
334,1.774
335,1.8
336,1.832
337,1.732
338,2.0340000000000003
339,1.732
340,1.8
341,1.766
342,1.7619999999999998
343,1.7719999999999998
344,1.96
345,1.804
346,1.89
347,1.67
348,1.76
349,1.774
350,1.966
351,1.8
352,1.7
353,1.766
354,1.7919999999999998
355,1.9
356,1.908
357,1.79
358,1.734
359,1.798
360,1.732
361,1.704
362,1.966
363,1.824
364,1.666
365,1.7719999999999998
366,1.764
367,1.798
368,1.864
369,1.764
370,1.766
371,1.732
372,1.766
373,1.892
374,1.9
375,1.736
376,1.796
377,1.758
378,1.83
379,1.77
380,1.932
381,1.732
382,1.834
383,1.6980000000000002
384,1.798
385,1.724
386,1.938
387,1.73
388,1.8
389,1.732
390,1.8
391,1.768
392,2.03
393,1.834
394,1.794
395,1.74
396,1.768
397,1.732
398,1.958
399,1.7380000000000002
400,1.7
401,1.86
402,1.67
403,1.7919999999999998
404,2.002
405,1.83
406,1.798
407,1.736
408,1.696
409,1.8
410,1.932
411,1.8
412,1.766
413,1.832
414,1.766
415,1.864
416,2.0
417,1.834
418,1.798
419,1.834
420,1.766
421,1.892
422,1.874
423,1.768
424,1.794
425,1.7719999999999998
426,1.832
427,1.7919999999999998
428,2.11
429,1.8
430,1.798
431,1.766
432,1.766
433,1.7919999999999998
434,1.974
435,1.758
436,1.806
437,1.764
438,1.866
439,1.826
440,1.938
441,1.766
442,1.8
443,1.8
444,1.9
445,1.802
446,2.57
447,1.766
448,1.76
449,1.7
450,1.828
451,1.732
452,2.09
453,1.672
454,1.734
455,1.766
456,1.76
457,1.806
458,2.028
459,1.704
460,1.734
461,1.798
462,1.86
463,1.6980000000000002
464,1.942
465,1.8
466,1.766
467,1.8
468,1.732
469,1.798
470,1.9
471,1.798
472,1.734
473,1.768
474,1.766
475,1.826
476,1.906
477,1.8
478,1.826
479,1.67
480,1.764
481,1.758
482,1.942
483,1.76
484,1.834
485,1.734
486,1.84
487,1.7619999999999998
488,2.006
489,1.766
490,1.832
491,1.7280000000000002
492,1.804
493,1.794
494,1.972
495,1.7
496,1.832
497,1.766
498,1.798
499,1.766
500,2.022
501,1.704
502,1.766
503,1.732
504,1.8
505,1.76
506,2.002
507,1.638
508,1.766
509,1.76
510,1.7
511,1.8
512,1.908
513,1.7619999999999998
514,1.7380000000000002
515,1.8
516,1.7
517,1.79
518,1.898
519,1.702
520,1.694
521,1.7719999999999998
522,1.8
523,1.7619999999999998
524,1.908
525,1.76
526,1.732
527,1.7
528,1.766
529,1.938
530,1.9
531,1.734
532,1.7
533,1.766
534,1.7280000000000002
535,1.77
536,1.898
537,1.768
538,1.732
539,1.8
540,1.76
541,1.704
542,1.964
543,1.732
544,1.828
545,1.6980000000000002
546,1.806
547,1.732
548,1.966
549,1.798
550,1.834
551,1.824
552,1.736
553,1.76
554,1.96
555,1.766
556,1.8
557,1.724
558,1.84
559,1.798
560,2.06
561,1.806
562,1.826
563,1.672
564,1.766
565,1.8
566,1.956
567,1.7380000000000002
568,1.766
569,1.766
570,1.766
571,1.83
572,1.966
573,1.864
574,1.766
575,1.832
576,1.8
577,1.866
578,1.964
579,1.798
580,1.732
581,1.826
582,1.83
583,1.826
584,1.942
585,1.794
586,1.766
587,1.7719999999999998
588,1.7280000000000002
589,1.74
590,1.926
591,1.706
592,1.766
593,1.724
594,1.7380000000000002
595,1.732
596,2.09
597,1.6980000000000002
598,1.74
599,1.73
600,1.6980000000000002
601,1.758
602,1.94
603,1.7
604,1.756
605,1.7
606,1.768
607,1.808
608,2.062
609,1.636
610,1.7919999999999998
611,1.672
612,1.7919999999999998
613,1.67
614,1.994
615,1.766
616,1.774
617,1.726
618,1.8
619,1.7619999999999998
620,1.974
621,1.832
622,1.766
623,1.766
624,1.76
625,1.7719999999999998
626,1.934
627,1.798
628,1.76
629,1.806
630,1.766
631,1.798
632,1.964
633,1.8
634,1.834
635,1.794
636,1.704
637,1.734
638,1.958
639,1.734
640,1.7280000000000002
641,1.7719999999999998
642,1.732
643,1.858
644,1.9
645,1.7380000000000002
646,1.798
647,1.8
648,1.732
649,1.766
650,1.968
651,1.7919999999999998
652,1.7719999999999998
653,1.766
654,1.898
655,1.7280000000000002
656,2.01
657,1.768
658,1.866
659,1.7919999999999998
660,1.7719999999999998
661,1.734
662,2.026
663,1.704
664,1.798
665,1.734
666,1.86
667,1.84
668,1.968
669,1.6980000000000002
670,1.832
671,1.764
672,1.824
673,1.704
674,2.024
675,1.7619999999999998
676,1.7719999999999998
677,1.7619999999999998
678,1.806
679,1.8
680,1.964
681,1.892
682,1.806
683,1.8
684,1.766
685,1.864
686,1.998
687,1.8
688,1.834
689,1.794
690,1.764
691,1.866
692,1.992
693,1.732
694,1.672
695,1.796
696,1.7
697,1.798
698,1.964
699,1.766
700,1.732
701,1.794
702,1.766
703,1.7719999999999998
704,1.964
705,1.7919999999999998
706,1.706
707,1.826
708,1.706
709,1.732
710,2.066
711,1.8
712,1.824
713,1.77
714,1.832
715,1.858
716,2.0
717,1.7719999999999998
718,1.8
719,1.7919999999999998
720,1.768
721,1.766
722,1.992
723,1.766
724,1.7719999999999998
725,1.766
726,1.832
727,1.766
728,2.032
729,1.798
730,1.8
731,1.834
732,1.868
733,1.758
734,1.976
735,2.432
736,1.8
737,1.832
738,1.83
739,1.866
740,2.094
741,1.828
742,1.7719999999999998
743,1.766
744,1.8
745,1.796
746,1.934
747,1.894
748,1.766
749,1.83
750,1.7380000000000002
751,1.9
752,2.028
753,1.806
754,1.766
755,1.794
756,1.806
757,1.734
758,1.896
759,1.8
760,1.73
761,1.73
762,1.8
763,1.766
764,1.996
765,1.794
766,1.798
767,1.796
768,1.7380000000000002
769,1.764
770,2.056
771,1.7
772,1.838
773,1.794
774,1.8
775,1.7719999999999998
776,2.03
777,1.766
778,1.834
779,1.766
780,1.86
781,1.7719999999999998
782,1.992
783,1.806
784,1.8
785,1.828
786,1.806
787,1.766
788,1.992
789,1.826
790,1.74
791,1.834
792,1.734
793,1.834
794,2.0
795,1.79
796,1.766
797,1.7719999999999998
798,1.732
799,1.76
800,1.934
801,1.8
802,1.732
803,1.864
804,1.704
805,1.8
806,1.994
807,1.736
808,1.73
809,1.824
810,1.7380000000000002
811,1.732
812,1.994
813,1.832
814,1.6980000000000002
815,1.86
816,1.63
817,1.74
818,1.966
819,1.726
820,1.806
821,1.7280000000000002
822,1.8
823,1.74
824,1.99
825,1.7719999999999998
826,1.8
827,1.766
828,1.8
829,1.766
830,2.0340000000000003
831,1.8
832,1.828
833,1.7719999999999998
834,1.862
835,1.794
836,1.976
837,1.798
838,1.834
839,1.7919999999999998
840,1.74
841,1.7619999999999998
842,2.0
843,1.7719999999999998
844,1.8
845,1.798
846,1.766
847,1.764
848,2.024
849,1.77
850,1.76
851,1.766
852,1.7380000000000002
853,1.924
854,1.836
855,1.892
856,1.666
857,1.83
858,1.83
859,1.702
860,2.06
861,1.672
862,1.86
863,1.672
864,1.766
865,1.8
866,1.932
867,1.794
868,1.7719999999999998
869,1.764
870,1.89
871,1.7380000000000002
872,1.992
873,1.766
874,1.864
875,1.732
876,1.8
877,1.766
878,1.994
879,1.7
880,1.8
881,1.732
882,1.794
883,1.7
884,2.0980000000000003
885,1.706
886,1.834
887,1.766
888,1.76
889,1.706
890,2.026
891,1.734
892,1.74
893,1.766
894,1.86
895,1.766
896,2.04
897,1.766
898,1.8
899,1.766
900,1.834
901,1.734
902,1.966
903,1.828
904,1.734
905,1.834
906,1.734
907,1.766
908,1.94
909,1.798
910,1.726
911,1.84
912,1.766
913,1.834
914,1.934
915,1.892
916,1.672
917,1.7619999999999998
918,1.7719999999999998
919,1.8
920,1.966
921,1.832
922,1.832
923,1.86
924,1.7380000000000002
925,1.834
926,1.962
927,1.866
928,1.734
929,1.866
930,1.7719999999999998
931,1.8
932,2.0340000000000003
933,1.826
934,1.7719999999999998
935,1.73
936,1.834
937,1.766
938,2.0
939,1.766
940,1.8
941,1.7619999999999998
942,1.922
943,1.766
944,2.002
945,1.806
946,1.8
947,1.732
948,1.834
949,1.7919999999999998
950,1.938
951,1.764
952,1.96
953,1.734
954,1.706
955,1.7280000000000002
956,1.976
957,1.758
958,1.706
959,1.83
960,1.766
961,1.894
962,1.942
963,1.7619999999999998
964,1.734
965,1.766
966,1.8
967,1.834
968,1.992
969,1.74
970,1.766
971,1.866
972,1.764
973,1.766
974,1.966
975,1.8
976,1.8
977,1.828
978,1.766
979,1.896
980,1.96
981,1.8
982,1.734
983,1.8
984,1.766
985,1.798
986,2.0
987,1.826
988,1.77
989,1.8
990,1.866
991,1.766
992,2.192
993,1.706
994,1.834
995,1.766
996,1.834
997,1.768
998,1.998
999,1.926
1000,1.67
1001,1.8
1002,1.834
1003,1.8
1004,2.064
1005,1.9
1006,1.99
1007,1.83
1008,1.874
1009,1.734
1010,1.996
1011,1.766
1012,1.8
1013,1.7919999999999998
1014,1.736
1015,1.828
1016,2.042
1017,1.894
1018,2.238
1019,1.892
1020,1.6980000000000002
1021,1.7380000000000002
1022,1.926
1023,1.834
1024,1.7
1025,1.8
1026,1.7380000000000002
1027,1.766
1028,2.018
1029,1.672
1030,1.766
1031,1.76
1032,1.74
1033,1.8
1034,1.934
1035,1.798
1036,1.76
1037,1.7380000000000002
1038,1.766
1039,1.796
1040,1.924
1041,1.7380000000000002
1042,1.794
1043,1.706
1044,1.8
1045,1.7919999999999998
1046,1.932
1047,1.7719999999999998
1048,1.8
1049,1.76
1050,1.84
1051,1.8
1052,2.026
1053,1.7719999999999998
1054,1.798
1055,1.7919999999999998
1056,1.7719999999999998
1057,1.8
1058,2.0340000000000003
1059,1.76
1060,1.7719999999999998
1061,1.766
1062,1.8
1063,1.86
1064,1.908
1065,1.794
1066,1.7380000000000002
1067,1.766
1068,1.8
1069,1.76
1070,1.942
1071,1.8
1072,1.726
1073,1.8
1074,1.806
1075,1.826
1076,1.902
1077,1.926
1078,1.636
1079,1.828
1080,1.7380000000000002
1081,1.8
1082,1.966
1083,1.8
1084,1.766
1085,1.796
1086,1.86
1087,1.7719999999999998
1088,1.966
1089,1.8
1090,1.7919999999999998
1091,1.832
1092,1.706
1093,1.892
1094,1.968
1095,1.7380000000000002
1096,1.758
1097,1.866
1098,1.832
1099,1.826
1100,1.9
1101,1.7719999999999998
1102,1.832
1103,1.7919999999999998
1104,1.802
1105,1.7380000000000002
1106,2.026
1107,1.766
1108,1.806
1109,1.828
1110,1.7719999999999998
1111,1.766
1112,2.0
1113,1.73
1114,1.794
1115,1.672
1116,1.766
1117,1.726
1118,1.938
1119,1.732
1120,1.734
1121,1.696
1122,1.8
1123,1.734
1124,1.99
1125,1.7719999999999998
1126,1.794
1127,1.806
1128,1.8
1129,1.766
1130,1.966
1131,1.826
1132,1.706
1133,1.766
1134,1.8
1135,1.8
1136,1.934
1137,1.86
1138,1.764
1139,1.704
1140,1.826
1141,1.8
1142,1.966
1143,1.7619999999999998
1144,1.806
1145,1.802
1146,1.794
1147,2.006
1148,2.226
1149,1.96
1150,1.898
1151,1.966
1152,1.836
1153,1.766
1154,1.966
1155,1.766
1156,1.798
1157,1.766
1158,1.892
1159,1.706
1160,1.994
1161,1.8
1162,1.8
1163,1.7719999999999998
1164,1.9
1165,1.76
1166,1.972
1167,1.734
1168,1.732
1169,1.794
1170,1.734
1171,1.734
1172,1.968
1173,1.7
1174,1.838
1175,1.828
1176,1.7
1177,1.7
1178,1.97
1179,1.76
1180,1.798
1181,1.734
1182,1.668
1183,1.766
1184,1.926
1185,1.832
1186,1.666
1187,1.736
1188,1.794
1189,1.7380000000000002
1190,1.966
1191,1.828
1192,1.666
1193,1.806
1194,1.798
1195,1.7919999999999998
1196,1.906
1197,1.8
1198,1.766
1199,1.86
1200,1.764
1201,1.7919999999999998
1202,1.97
1203,1.9
1204,1.766
1205,1.866
1206,1.7719999999999998
1207,1.834
1208,1.926
1209,1.872
1210,1.824
1211,1.866
1212,1.764
1213,1.704
1214,2.0
1215,1.826
1216,1.7380000000000002
1217,1.766
1218,1.828
1219,1.7719999999999998
1220,1.958
1221,1.838
1222,1.896
1223,1.866
1224,2.09
1225,1.834
1226,2.14
1227,1.96
1228,1.974
1229,1.866
1230,1.8
1231,1.826
1232,1.94
1233,1.734
1234,1.826
1235,1.838
1236,1.8
1237,1.826
1238,2.036
1239,1.704
1240,1.766
1241,1.832
1242,1.826
1243,1.866
1244,2.07
1245,1.7719999999999998
1246,1.862
1247,1.7719999999999998
1248,1.766
1249,1.834
1250,1.966
1251,1.8
1252,1.766
1253,1.8
1254,1.828
1255,1.798
1256,1.994
1257,1.766
1258,1.806
1259,1.794
1260,1.706
1261,1.734
1262,1.966
1263,1.734
1264,1.734
1265,1.796
1266,1.766
1267,1.892
1268,1.904
1269,1.734
1270,1.83
1271,1.7919999999999998
1272,1.732
1273,1.7380000000000002
1274,1.966
1275,1.734
1276,1.794
1277,1.706
1278,1.834
1279,1.6980000000000002
1280,1.994
1281,1.766
1282,1.86
1283,1.8
1284,1.7719999999999998
1285,1.734
1286,1.996
1287,1.76
1288,1.832
1289,1.706
1290,1.832
1291,1.794
1292,2.07
1293,1.766
1294,1.8
1295,1.7719999999999998
1296,1.766
1297,1.834
1298,1.934
1299,1.86
1300,1.706
1301,1.798
1302,1.798
1303,1.8
1304,2.026
1305,1.906
1306,1.798
1307,2.4
1308,1.826
1309,1.832
1310,1.874
1311,1.834
1312,1.766
1313,1.86
1314,1.704
1315,1.766
1316,1.93
1317,1.89
1318,1.704
1319,1.8
1320,1.86
1321,1.706
1322,1.964
1323,1.766
1324,1.858
1325,1.6980000000000002
1326,1.768
1327,1.7380000000000002
1328,2.028
1329,1.7
1330,1.7380000000000002
1331,1.7919999999999998
1332,1.706
1333,1.826
1334,1.966
1335,1.764
1336,1.736
1337,1.734
1338,1.766
1339,1.766
1340,1.966
1341,1.734
1342,1.8
1343,1.826
1344,1.7719999999999998
1345,1.794
1346,1.972
1347,1.766
1348,1.824
1349,1.7380000000000002
1350,1.766
1351,1.8
1352,1.966
1353,1.832
1354,1.7919999999999998
1355,1.806
1356,1.766
1357,1.8
1358,1.966
1359,1.834
1360,1.76
1361,1.806
1362,1.926
1363,1.704
1364,1.966
1365,1.832
1366,1.794
1367,1.83
1368,1.7719999999999998
1369,1.8
1370,1.966
1371,1.834
1372,1.766
1373,1.832
1374,1.79
1375,2.006
1376,1.958
1377,1.766
1378,1.74
1379,1.766
1380,1.8
1381,1.764
1382,2.03
1383,1.764
1384,1.798
1385,1.76
1386,1.8
1387,1.74
1388,2.02
1389,1.672
1390,1.794
1391,1.7
1392,1.8
1393,1.706
1394,1.962
1395,1.7280000000000002
1396,1.7719999999999998
1397,1.7
1398,1.892
1399,1.606
1400,1.934
1401,1.732
1402,1.764
1403,1.734
1404,1.794
1405,1.672
1406,1.928
1407,1.7719999999999998
1408,1.732
1409,1.766
1410,1.79
1411,1.7719999999999998
1412,1.934
1413,1.834
1414,1.76
1415,1.7719999999999998
1416,1.766
1417,1.826
1418,1.938
1419,1.7919999999999998
1420,1.804
1421,1.834
1422,1.8
1423,1.8
1424,1.996
1425,1.766
1426,1.824
1427,1.764
1428,1.7380000000000002
1429,1.86
1430,1.938
1431,1.76
1432,1.766
1433,1.732
1434,1.866
1435,1.606
1436,1.996
1437,1.826
1438,1.732
1439,1.866
1440,1.7380000000000002
1441,1.764
1442,1.96
1443,1.7380000000000002
1444,1.766
1445,1.764
1446,1.766
1447,1.764
1448,2.0
1449,1.8
1450,1.76
1451,1.768
1452,1.766
1453,1.7719999999999998
1454,2.0
1455,1.734
1456,1.826
1457,1.706
1458,1.8
1459,1.7
1460,2.056
1461,1.74
1462,1.766
1463,1.7619999999999998
1464,1.732
1465,1.764
1466,1.93
1467,1.766
1468,1.764
1469,1.826
1470,1.7719999999999998
1471,1.86
1472,2.0
1473,1.7719999999999998
1474,1.76
1475,1.766
1476,1.806
1477,1.7619999999999998
1478,1.94
1479,1.8
1480,1.76
1481,1.866
1482,1.7380000000000002
1483,1.764
1484,1.964
1485,1.8
1486,1.766
1487,1.8
1488,1.766
1489,1.766
1490,1.934
1491,1.766
1492,1.892
1493,1.604
1494,1.86
1495,1.706
1496,2.0580000000000003
1497,1.8
1498,1.872
1499,1.924
1500,1.972
1501,1.9
1502,2.16
1503,1.898
1504,1.964
1505,1.932
1506,1.966
1507,2.0980000000000003
1508,2.1
1509,1.766
1510,1.86
1511,1.974
1512,1.992
1513,1.906
1514,2.16
1515,1.906
1516,1.998
1517,1.932
1518,2.0340000000000003
1519,1.998
1520,2.224
1521,1.7719999999999998
1522,1.766
1523,1.834
1524,1.7619999999999998
1525,1.8
1526,1.94
1527,1.826
1528,1.832
1529,1.7380000000000002
1530,1.766
1531,1.866
1532,1.964
1533,1.834
1534,1.734
1535,1.794
1536,1.732
1537,1.802
1538,1.928
1539,1.764
1540,1.67
1541,1.8
1542,1.732
1543,1.76
1544,1.874
1545,1.826
1546,1.67
1547,1.7280000000000002
1548,1.892
1549,1.7380000000000002
1550,2.0540000000000003
1551,1.732
1552,1.832
1553,1.662
1554,1.872
1555,1.732
1556,1.996
1557,1.768
1558,1.76
1559,1.7719999999999998
1560,1.8
1561,1.734
1562,2.0340000000000003
1563,1.794
1564,1.8
1565,1.8
1566,1.7719999999999998
1567,1.734
1568,2.0340000000000003
1569,1.86
1570,1.806
1571,1.768
1572,1.834
1573,1.766
1574,2.03
1575,1.96
1576,1.638
1577,1.834
1578,1.8
1579,1.898
1580,2.0340000000000003
1581,1.828
1582,1.8
1583,1.84
1584,1.826
1585,1.77
1586,1.966
1587,1.8
1588,1.798
1589,1.826
1590,1.7
1591,1.806
1592,2.656
1593,1.764
1594,1.734
1595,1.806
1596,1.826
1597,1.706
1598,1.932
1599,1.766
1600,1.76
1601,1.7719999999999998
1602,1.8
1603,1.732
1604,2.026
1605,1.7
1606,1.808
1607,1.73
1608,1.824
1609,1.7380000000000002
1610,2.0580000000000003
1611,1.672
1612,1.794
1613,1.74
1614,1.8
1615,1.766
1616,1.996
1617,1.7280000000000002
1618,1.834
1619,1.7619999999999998
1620,1.798
1621,1.824
1622,1.942
1623,1.732
1624,1.8
1625,1.766
1626,1.798
1627,1.766
1628,1.966
1629,1.768
1630,1.824
1631,1.7380000000000002
1632,1.766
1633,1.8
1634,2.0
1635,1.76
1636,1.7719999999999998
1637,1.894
1638,1.8
1639,1.804
1640,1.994
1641,1.832
1642,1.766
1643,1.764
1644,1.764
1645,1.798
1646,1.932
1647,1.8
1648,1.732
1649,1.8
1650,1.798
1651,1.766
1652,1.93
1653,1.8
1654,1.734
1655,1.768
1656,1.732
1657,1.766
1658,1.934
1659,1.73
1660,1.8
1661,1.732
1662,1.832
1663,1.732
1664,1.964
1665,1.766
1666,1.8
1667,1.734
1668,1.8
1669,1.758
1670,2.002
1671,1.732
1672,1.7719999999999998
1673,1.768
1674,1.826
1675,1.734
1676,1.976
1677,1.7280000000000002
1678,1.804
1679,1.6980000000000002
1680,1.8
1681,1.826
1682,1.874
1683,1.73
1684,1.794
1685,1.706
1686,1.764
1687,1.766
1688,2.0340000000000003
1689,1.798
1690,1.732
1691,1.7919999999999998
1692,1.764
1693,1.774
1694,1.93
1695,1.766
1696,1.734
1697,1.76
1698,1.7380000000000002
1699,1.828
1700,1.966
1701,1.7
1702,1.734
1703,1.804
1704,1.7
1705,1.798
1706,1.994
1707,1.734
1708,1.766
1709,1.794
1710,1.798
1711,1.77
1712,1.964
1713,1.8
1714,1.734
1715,1.764
1716,1.764
1717,1.798
1718,1.994
1719,1.6980000000000002
1720,1.806
1721,1.794
1722,1.7719999999999998
1723,1.764
1724,1.966
1725,1.764
1726,1.898
1727,1.966
1728,2.026
1729,1.966
1730,2.176
1731,1.992
1732,2.006
1733,1.966
1734,2.1
1735,1.966
1736,2.032
1737,1.79
1738,1.7380000000000002
1739,1.826
1740,1.798
1741,1.7380000000000002
1742,2.0
1743,1.8
1744,1.734
1745,1.892
1746,1.706
1747,1.798
1748,1.966
1749,1.766
1750,1.734
1751,1.768
1752,1.732
1753,1.834
1754,1.928
1755,1.8
1756,1.694
1757,1.86
1758,1.7
1759,1.864
1760,1.936
1761,1.806
1762,1.766
1763,1.8
1764,1.79
1765,1.7
1766,1.942
1767,1.832
1768,1.766
1769,1.758
1770,1.806
1771,1.766
1772,1.93
1773,1.7919999999999998
1774,1.804
1775,1.794
1776,1.8
1777,1.774
1778,2.0
1779,1.834
1780,1.832
1781,1.794
1782,1.806
1783,1.8
1784,1.996
1785,1.8
1786,1.832
1787,1.8
1788,1.894
1789,1.806
1790,2.066
1791,1.8
1792,1.832
1793,1.86
1794,1.806
1795,1.8
1796,2.0340000000000003
1797,1.79
1798,1.906
1799,1.832
1800,1.894
1801,1.804
1802,2.0
1803,1.766
1804,1.828
1805,1.74
1806,1.766
1807,1.892
1808,1.872
1809,1.826
1810,1.74
1811,1.766
1812,1.7619999999999998
1813,1.9
1814,1.906
1815,1.8
1816,1.8
1817,1.798
1818,1.734
1819,1.8
1820,2.0
1821,1.766
1822,1.7
1823,1.826
1824,1.7719999999999998
1825,1.866
1826,1.99
1827,1.7719999999999998
1828,1.826
1829,1.7
1830,1.866
1831,1.766
1832,1.972
1833,1.834
1834,1.868
1835,1.924
1836,1.794
1837,1.7380000000000002
1838,2.056
1839,1.804
1840,1.8
1841,1.822
1842,1.84
1843,1.8
1844,2.062
1845,1.86
1846,1.806
1847,1.8
1848,1.866
1849,1.858
1850,2.032
1851,1.774
1852,1.8
1853,1.856
1854,1.962
1855,1.7380000000000002
1856,1.964
1857,1.834
1858,1.7919999999999998
1859,1.806
1860,1.8
1861,1.798
1862,1.992
1863,1.7719999999999998
1864,1.734
1865,1.798
1866,1.832
1867,1.766
1868,2.0
1869,1.894
1870,1.7719999999999998
1871,1.832
1872,1.798
1873,1.834
1874,2.0
1875,1.892
1876,1.704
1877,1.8
1878,1.894
1879,1.906
1880,1.998
1881,1.794
1882,1.7719999999999998
1883,2.4
1884,1.892
1885,1.74
1886,2.0
1887,1.766
1888,1.864
1889,1.828
1890,1.7719999999999998
1891,1.798
1892,2.026
1893,1.7380000000000002
1894,1.924
1895,1.672
1896,1.866
1897,1.7919999999999998
1898,2.032
1899,1.74
1900,1.834
1901,1.766
1902,1.892
1903,1.706
1904,2.0
1905,1.766
1906,1.866
1907,1.766
1908,1.8
1909,1.766
1910,2.02
1911,1.74
1912,1.734
1913,1.834
1914,1.8
1915,1.8
1916,1.93
1917,1.832
1918,1.732
1919,1.8
1920,1.826
1921,1.806
1922,1.93
1923,1.83
1924,1.756
1925,1.864
1926,1.7619999999999998
1927,1.806
1928,1.964
1929,1.926
1930,1.666
1931,1.806
1932,1.826
1933,1.806
1934,1.992
1935,1.806
1936,1.766
1937,1.926
1938,1.764
1939,1.804
1940,2.03
1941,1.86
1942,1.7719999999999998
1943,1.768
1944,1.866
1945,1.766
1946,2.0580000000000003
1947,1.7380000000000002
1948,1.834
1949,1.764
1950,1.928
1951,1.7719999999999998
1952,1.99
1953,1.806
1954,1.8
1955,1.76
1956,1.864
1957,1.73
1958,2.066
1959,1.77
1960,1.8
1961,1.766
1962,1.834
1963,1.766
1964,1.93
1965,1.766
1966,1.766
1967,1.766
1968,1.766
1969,1.794
1970,1.902
1971,1.766
1972,1.706
1973,1.766
1974,1.8
1975,1.766
1976,1.934
1977,1.766
1978,1.828
1979,1.74
1980,1.766
1981,1.766
1982,1.994
1983,1.7719999999999998
1984,1.8
1985,1.826
1986,1.7719999999999998
1987,1.832
1988,1.998
1989,1.86
1990,1.74
1991,1.8
1992,1.8
1993,1.86
1994,1.974
1995,1.764
1996,1.796
1997,1.766
1998,1.96
1999,1.672
2000,1.958
2001,1.794
2002,1.7719999999999998
2003,1.892
2004,1.832
2005,1.732
2006,2.006
2007,1.76
2008,1.806
2009,1.798
2010,1.866
2011,1.83
2012,2.03
2013,1.866
2014,1.798
2015,1.7919999999999998
2016,1.832
2017,1.672
2018,1.994
2019,1.7719999999999998
2020,1.858
2021,1.7
2022,1.966
2023,1.764
2024,1.94
2025,1.834
2026,1.732
2027,1.834
2028,1.76
2029,1.806
2030,1.966
2031,1.798
2032,1.732
2033,1.798
2034,1.828
2035,1.84
2036,1.932
2037,1.8
2038,1.766
2039,1.76
2040,1.866
2041,1.768
2042,1.872
2043,1.8
2044,1.7280000000000002
2045,1.7719999999999998
2046,1.86
2047,1.736
2048,1.934
2049,1.8
2050,1.7280000000000002
2051,1.774
2052,1.796
2053,1.832
2054,2.024
2055,1.7719999999999998
2056,1.8
2057,1.7280000000000002
2058,1.866
2059,1.766
2060,1.994
2061,1.898
2062,1.8
2063,1.8
2064,1.806
2065,1.8
2066,2.066
2067,1.894
2068,1.7380000000000002
2069,1.7919999999999998
2070,1.796
2071,1.866
2072,1.906
2073,1.734
2074,1.7919999999999998
2075,2.136
2076,1.9
2077,1.6980000000000002
2078,1.972
2079,1.8
2080,1.76
2081,1.838
2082,1.83
2083,1.834
2084,1.968
2085,1.7919999999999998
2086,1.8
2087,1.806
2088,1.798
2089,1.834
2090,1.966
2091,1.8
2092,1.766
2093,1.862
2094,1.9
2095,1.706
2096,1.966
2097,1.826
2098,1.77
2099,1.766
2100,1.794
2101,1.996
2102,1.902
2103,1.832
2104,1.796
2105,1.736
2106,1.794
2107,1.804
2108,2.0
2109,1.766
2110,1.864
2111,1.8
2112,1.834
2113,1.76
2114,2.004
2115,1.766
2116,1.8
2117,1.8
2118,1.866
2119,1.832
2120,2.12
2121,1.638
2122,1.8
2123,1.734
2124,1.86
2125,1.7719999999999998
2126,1.994
2127,1.7380000000000002
2128,1.832
2129,1.76
2130,1.894
2131,1.706
2132,2.0
2133,1.828
2134,1.806
2135,1.734
2136,1.798
2137,1.826
2138,2.004
2139,1.838
2140,1.766
2141,1.8
2142,1.826
2143,1.802
2144,1.966
2145,1.9
2146,1.826
2147,1.7380000000000002
2148,1.834
2149,1.834
2150,1.96
2151,1.828
2152,1.8
2153,1.828
2154,1.804
2155,1.866
2156,2.0
2157,1.894
2158,1.806
2159,1.834
2160,1.8
2161,1.826
2162,2.0340000000000003
2163,1.7719999999999998
2164,1.8
2165,1.794
2166,1.866
2167,1.8
2168,2.638
2169,1.798
2170,1.928
2171,1.7380000000000002
2172,1.934
2173,1.894
2174,1.938
2175,1.734
2176,1.828
2177,1.764
2178,1.834
2179,1.8
2180,2.0
2181,1.632
2182,1.806
2183,1.766
2184,1.8
2185,1.732
2186,2.0
2187,1.732
2188,1.798
2189,1.732
2190,1.834
2191,1.8
2192,1.934
2193,1.766
2194,1.794
2195,1.804
2196,1.8
2197,1.764
2198,1.96
2199,1.834
2200,1.76
2201,1.9
2202,1.704
2203,1.83
2204,1.966
2205,1.866
2206,1.766
2207,1.834
2208,1.8
2209,1.834
2210,1.966
2211,1.828
2212,1.7719999999999998
2213,1.86
2214,1.838
2215,1.834
2216,2.0
2217,1.832
2218,1.794
2219,1.7719999999999998
2220,1.864
2221,1.76
2222,2.066
2223,1.7719999999999998
2224,1.834
2225,2.194
2226,1.866
2227,1.834
2228,1.84
2229,1.862
2230,1.736
2231,1.794
2232,1.802
2233,1.766
2234,2.0
2235,1.76
2236,1.8
2237,1.7719999999999998
2238,1.866
2239,1.794
2240,1.972
2241,1.86
2242,1.766
2243,1.736
2244,1.89
2245,1.866
2246,1.908
2247,1.766
2248,1.798
2249,1.766
2250,1.796
2251,1.834
2252,1.972
2253,1.8
2254,1.8
2255,1.834
2256,1.764
2257,1.8
2258,1.996
2259,1.8
2260,1.826
2261,1.806
2262,1.766
2263,1.86
2264,1.974
2265,1.858
2266,1.766
2267,1.9
2268,1.704
2269,1.826
2270,1.942
2271,1.8
2272,1.8
2273,1.89
2274,1.798
2275,1.706
2276,2.0
2277,1.8
2278,1.894
2279,1.7380000000000002
2280,1.798
2281,1.766
2282,1.994
2283,1.734
2284,1.828
2285,1.7380000000000002
2286,1.866
2287,1.734
2288,2.0
2289,1.826
2290,1.77
2291,1.7280000000000002
2292,1.8
2293,1.766
2294,2.0
2295,1.73
2296,1.8
2297,1.7619999999999998
2298,1.872
2299,1.76
2300,2.006
2301,1.828
2302,1.8
2303,1.768
2304,1.926
2305,1.798
2306,1.906
2307,1.832
2308,1.766
2309,1.834
2310,1.83
2311,1.958
2312,1.874
2313,1.866
2314,1.7619999999999998
2315,1.83
2316,1.834
2317,1.826
2318,2.006
2319,1.862
2320,1.866
2321,1.766
2322,1.868
2323,1.834
2324,2.026
2325,1.7719999999999998
2326,1.766
2327,1.794
2328,1.838
2329,1.8
2330,1.994
2331,1.702
2332,1.766
2333,1.7
2334,1.892
2335,1.7380000000000002
2336,1.966
2337,1.766
2338,1.794
2339,1.672
2340,1.826
2341,1.7380000000000002
2342,1.966
2343,1.764
2344,1.794
2345,1.832
2346,1.7719999999999998
2347,1.766
2348,2.122
2349,1.706
2350,1.832
2351,1.794
2352,1.7719999999999998
2353,1.828
2354,2.004
2355,1.766
2356,1.894
2357,1.732
2358,1.838
2359,1.796
2360,2.064
2361,1.866
2362,1.766
2363,1.832
2364,1.8
2365,1.86
2366,1.972
2367,1.826
2368,1.898
2369,1.7380000000000002
2370,1.834
2371,1.83
2372,2.0
2373,1.8
2374,1.836
2375,1.858
2376,1.866
2377,1.838
2378,2.06
2379,1.798
2380,1.7719999999999998
2381,1.894
2382,1.802
2383,1.834
2384,2.03
2385,1.866
2386,1.8
2387,1.86
2388,1.8
2389,1.7719999999999998
2390,2.094
2391,1.704
2392,1.828
2393,1.7719999999999998
2394,1.86
2395,1.7719999999999998
2396,2.06
2397,1.864
2398,1.734
2399,1.834
2400,1.896
2401,1.828
2402,1.974
2403,1.826
2404,1.7719999999999998
2405,1.76
2406,1.9
2407,1.7380000000000002
2408,2.03
2409,1.858
2410,1.7380000000000002
2411,1.7280000000000002
2412,1.872
2413,1.7280000000000002
2414,1.974
2415,1.794
2416,1.7380000000000002
2417,1.7919999999999998
2418,1.826
2419,1.834
2420,2.042
2421,1.8
2422,1.826
2423,1.764
2424,1.7380000000000002
2425,1.866
2426,1.96
2427,1.838
2428,1.828
2429,1.806
2430,1.83
2431,1.83
2432,2.028
2433,1.838
2434,1.862
2435,1.798
2436,1.86
2437,1.8
2438,2.004
2439,1.766
2440,1.806
2441,1.8
2442,1.894
2443,1.864
2444,2.028
2445,1.766
2446,1.9
2447,1.704
2448,1.892
2449,1.7380000000000002
2450,2.0340000000000003
2451,1.766
2452,1.8
2453,1.8
2454,1.832
2455,1.892
2456,2.65
2457,1.8
2458,1.828
2459,1.7719999999999998
2460,1.832
2461,1.798
2462,2.0
2463,1.8
2464,1.834
2465,1.766
2466,1.9
2467,1.7619999999999998
2468,2.136
2469,1.672
2470,1.826
2471,1.77
2472,1.8
2473,1.83
2474,1.966
2475,1.834
2476,1.766
2477,1.866
2478,1.864
2479,1.858
2480,1.972
2481,1.83
2482,1.766
2483,1.834
2484,1.86
2485,1.7719999999999998
2486,1.96
2487,1.838
2488,1.764
2489,1.8
2490,1.866
2491,1.832
2492,1.96
2493,1.806
2494,1.732
2495,1.8
2496,1.8
2497,1.86
2498,1.872
2499,1.826
2500,1.808
2501,1.7280000000000002
2502,1.874
2503,1.766
2504,2.0
2505,1.7619999999999998
2506,1.806
2507,1.76
2508,1.838
2509,1.766
2510,2.094
2511,1.732
2512,1.806
2513,1.794
2514,1.838
2515,1.794
2516,2.002
2517,1.766
2518,1.83
2519,1.794
2520,1.866
2521,1.834
2522,2.146
2523,1.794
2524,1.806
2525,1.8
2526,1.866
2527,1.828
2528,1.996
2529,1.704
2530,1.794
2531,1.832
2532,1.736
2533,1.826
2534,1.972
2535,1.894
2536,1.704
2537,1.826
2538,1.866
2539,1.806
2540,1.932
2541,1.828
2542,1.766
2543,1.806
2544,1.794
2545,1.804
2546,1.962
2547,1.794
2548,1.734
2549,1.8
2550,1.8
2551,1.828
2552,1.904
2553,1.8
2554,1.732
2555,1.766
2556,1.826
2557,1.7380000000000002
2558,2.0
2559,1.734
2560,1.8
2561,1.732
2562,1.894
2563,1.862
2564,1.904
2565,1.766
2566,1.83
2567,1.766
2568,1.832
2569,1.766
2570,2.0
2571,1.794
2572,1.804
2573,1.8
2574,1.894
2575,1.8
2576,2.032
2577,1.7380000000000002
2578,1.826
2579,1.736
2580,1.86
2581,1.706
2582,1.994
2583,1.8
2584,1.702
2585,1.834
2586,1.794
2587,1.7719999999999998
2588,1.964
2589,1.796
2590,1.806
2591,1.798
2592,1.8
2593,1.766
2594,2.06
2595,1.766
2596,1.7380000000000002
2597,1.798
2598,1.83
2599,1.766
2600,1.96
2601,1.874
2602,1.8
2603,1.794
2604,1.806
2605,1.86
2606,1.936
2607,1.834
2608,1.8
2609,1.8
2610,1.834
2611,1.826
2612,1.972
2613,1.794
2614,1.9
2615,1.704
2616,1.866
2617,1.766
2618,2.0
2619,1.766
2620,1.958
2621,1.74
2622,1.998
2623,1.864
2624,2.094
2625,1.836
2626,1.828
2627,1.734
2628,1.828
2629,1.77
2630,2.0
2631,1.734
2632,1.8
2633,1.766
2634,1.794
2635,1.766
2636,1.972
2637,1.766
2638,1.798
2639,1.766
2640,1.766
2641,1.86
2642,1.908
2643,1.858
2644,1.732
2645,1.7380000000000002
2646,1.796
2647,1.8
2648,1.966
2649,1.766
2650,1.794
2651,1.802
2652,1.8
2653,1.866
2654,1.99
2655,1.866
2656,1.706
2657,1.832
2658,1.8
2659,1.966
2660,1.966
2661,1.86
2662,1.872
2663,1.996
2664,2.124
2665,1.94
2666,2.2
2667,2.032
2668,1.966
2669,1.998
2670,2.092
2671,1.934
2672,2.364
2673,1.898
2674,2.032
2675,1.972
2676,2.06
2677,1.97
2678,2.198
2679,1.996
2680,2.0
2681,2.0
2682,2.066
2683,1.93
2684,2.198
2685,2.06
2686,1.972
2687,1.926
2688,2.006
2689,1.924
2690,2.11
2691,1.93
2692,1.958
2693,1.866
2694,1.962
2695,1.67
2696,2.028
2697,1.864
2698,1.732
2699,1.7619999999999998
2700,1.7719999999999998
2701,1.798
2702,2.024
2703,1.704
2704,1.766
2705,1.7919999999999998
2706,1.806
2707,1.834
2708,1.934
2709,1.86
2710,1.806
2711,1.796
2712,1.798
2713,1.926
2714,1.904
2715,1.8
2716,1.798
2717,1.866
2718,1.828
2719,1.87
2720,2.028
2721,1.8
2722,1.798
2723,1.834
2724,1.928
2725,1.798
2726,2.07
2727,1.67
2728,1.892
2729,1.734
2730,1.9
2731,1.834
2732,2.158
2733,1.7719999999999998
2734,1.828
2735,1.7719999999999998
2736,1.866
2737,1.764
2738,2.06
2739,1.672
2740,1.832
2741,1.766
2742,1.866
2743,1.832
2744,2.1
2745,1.766
2746,1.8
2747,1.794
2748,1.866
2749,1.706
2750,2.6
2751,1.766
2752,1.8
2753,1.86
2754,1.806
2755,1.834
2756,1.962
2757,1.834
2758,1.766
2759,1.832
2760,1.832
2761,1.8
2762,1.966
2763,1.828
2764,1.7380000000000002
2765,1.826
2766,1.874
2767,1.7619999999999998
2768,2.026
2769,1.834
2770,1.732
2771,1.798
2772,1.834
2773,1.8
2774,1.998
2775,1.794
2776,1.77
2777,1.798
2778,1.83
2779,1.858
2780,1.942
2781,1.828
2782,1.7719999999999998
2783,1.826
2784,1.868
2785,1.8
2786,2.01
2787,1.8
2788,1.862
2789,1.764
2790,1.732
2791,1.7719999999999998
2792,1.966
2793,1.828
2794,1.7380000000000002
2795,1.766
2796,1.832
2797,1.826
2798,1.938
2799,1.826
2800,1.7380000000000002
2801,1.766
2802,1.956
2803,1.6980000000000002
2804,1.998
2805,1.764
2806,1.864
2807,1.732
2808,1.77
2809,1.794
2810,1.936
2811,1.858
2812,1.798
2813,1.766
2814,1.838
2815,1.866
2816,1.966
2817,1.798
2818,1.798
2819,1.828
2820,1.7719999999999998
2821,1.83
2822,1.966
2823,1.798
2824,1.7919999999999998
2825,1.864
2826,1.706
2827,1.866
2828,1.932
2829,1.834
2830,1.8
2831,1.8
2832,1.768
2833,1.79
2834,2.01
2835,1.76
2836,1.806
2837,1.794
2838,1.84
2839,1.826
2840,1.974
2841,1.766
2842,1.826
2843,1.672
2844,1.86
2845,1.638
2846,1.998
2847,1.766
2848,1.8
2849,1.726
2850,1.802
2851,1.766
2852,2.09
2853,1.696
2854,1.7380000000000002
2855,1.766
2856,1.832
2857,1.734
2858,2.056
2859,1.7380000000000002
2860,1.8
2861,1.828
2862,1.838
2863,1.766
2864,1.964
2865,1.798
2866,1.764
2867,1.794
2868,1.866
2869,1.7380000000000002
2870,1.932
2871,1.834
2872,1.8
2873,1.798
2874,1.834
2875,1.826
2876,1.934
2877,1.806
2878,1.794
2879,1.834
2880,1.806
2881,1.826
2882,1.942
2883,1.832
2884,1.86
2885,1.74
2886,1.926
2887,1.864
2888,1.904
2889,1.926
2890,1.766
2891,1.7719999999999998
2892,1.834
2893,1.764
2894,2.03
2895,1.826
2896,1.736
2897,1.766
2898,1.834
2899,1.766
2900,1.99
2901,1.7719999999999998
2902,1.86
2903,1.7719999999999998
2904,1.794
2905,1.8
2906,1.938
2907,1.768
2908,1.802
2909,1.766
2910,1.834
2911,1.832
2912,2.062
2913,1.672
2914,1.794
2915,1.7380000000000002
2916,1.834
2917,1.766
2918,1.964
2919,1.766
2920,1.826
2921,1.672
2922,1.76
2923,1.84
2924,1.932
2925,1.866
2926,1.8
2927,1.926
2928,1.704
2929,1.798
2930,1.958
2931,1.804
2932,1.798
2933,1.83
2934,1.834
2935,1.832
2936,2.032
2937,1.89
2938,1.8
2939,1.806
2940,1.834
2941,1.866
2942,1.964
2943,1.86
2944,1.7719999999999998
2945,1.9
2946,1.832
2947,1.8
2948,2.022
2949,1.732
2950,1.874
2951,1.766
2952,1.866
2953,1.7
2954,2.0
2955,1.766
2956,1.834
2957,1.766
2958,1.832
2959,1.858
2960,1.974
2961,1.758
2962,1.806
2963,1.8
2964,1.834
2965,1.828
2966,1.968
2967,1.798
2968,1.766
2969,1.766
2970,1.866
2971,1.84
2972,2.066
2973,1.794
2974,1.77
2975,1.76
2976,1.862
2977,1.7380000000000002
2978,1.994
2979,1.766
2980,1.766
2981,1.8
2982,1.806
2983,1.794
2984,1.938
2985,1.894
2986,1.6980000000000002
2987,1.806
2988,1.892
2989,1.7719999999999998
2990,1.994
2991,1.806
2992,1.768
2993,1.888
2994,1.766
2995,1.836
2996,2.028
2997,1.834
2998,1.86
2999,1.7380000000000002
3000,1.764
3001,1.834
3002,1.966
3003,1.826
3004,1.7380000000000002
3005,1.732
3006,2.0580000000000003
3007,1.6980000000000002
3008,2.03
3009,1.7719999999999998
3010,1.7919999999999998
3011,1.798
3012,1.806
3013,1.828
3014,1.972
3015,1.732
3016,1.924
3017,1.704
3018,1.9
3019,1.764
3020,2.03
3021,1.86
3022,1.872
3023,1.866
3024,1.832
3025,1.798
3026,2.066
3027,1.766
3028,1.834
3029,1.8
3030,1.898
3031,1.8
3032,2.03
3033,1.898
3034,1.832
3035,1.834
3036,1.834
3037,1.828
3038,2.576
3039,1.964
3040,1.664
3041,1.806
3042,1.86
3043,1.8
3044,2.006
3045,1.834
3046,1.8
3047,1.8
3048,1.926
3049,1.7380000000000002
3050,1.93
3051,1.822
3052,1.706
3053,1.8
3054,1.8
3055,1.794
3056,1.932
3057,1.7380000000000002
3058,1.766
3059,1.8
3060,1.826
3061,1.672
3062,2.09
3063,1.672
3064,1.8
3065,1.766
3066,1.86
3067,1.798
3068,1.934
3069,1.806
3070,1.832
3071,1.7280000000000002
3072,1.84
3073,1.8
3074,2.0
3075,1.76
3076,1.8
3077,1.7380000000000002
3078,1.866
3079,1.798
3080,1.992
3081,1.7719999999999998
3082,1.794
3083,1.7719999999999998
3084,1.834
3085,1.764
3086,2.126
3087,1.704
3088,1.834
3089,1.8
3090,1.8
3091,1.862
3092,2.126
3093,1.702
3094,1.8
3095,1.926
3096,1.734
3097,1.8
3098,1.976
3099,1.866
3100,1.826
3101,1.806
3102,1.796
3103,1.86
3104,2.01
3105,1.766
3106,1.8
3107,1.8
3108,1.766
3109,1.8
3110,1.958
3111,1.866
3112,1.706
3113,1.83
3114,1.766
3115,1.834
3116,1.93
3117,1.826
3118,1.74
3119,1.766
3120,1.8
3121,1.764
3122,2.0
3123,1.764
3124,1.766
3125,1.794
3126,1.806
3127,1.764
3128,2.032
3129,1.766
3130,1.86
3131,1.672
3132,1.834
3133,1.732
3134,2.0
3135,1.766
3136,1.8
3137,1.796
3138,1.832
3139,1.766
3140,2.024
3141,1.7380000000000002
3142,1.834
3143,1.8
3144,1.866
3145,1.766
3146,1.934
3147,1.86
3148,1.7380000000000002
3149,1.796
3150,1.866
3151,1.832
3152,1.96
3153,1.84
3154,1.8
3155,1.832
3156,1.856
3157,1.732
3158,2.0
3159,1.7719999999999998
3160,1.76
3161,1.7719999999999998
3162,1.864
3163,1.794
3164,2.0340000000000003
3165,1.704
3166,1.766
3167,1.826
3168,1.834
3169,1.7380000000000002
3170,1.96
3171,1.838
3172,1.766
3173,1.766
3174,1.866
3175,1.7619999999999998
3176,2.032
3177,1.794
3178,1.838
3179,1.798
3180,1.858
3181,1.766
3182,2.04
3183,1.764
3184,1.832
3185,1.834
3186,1.834
3187,1.8
3188,2.0340000000000003
3189,1.8
3190,1.832
3191,1.766
3192,1.834
3193,1.766
3194,1.994
3195,1.74
3196,1.834
3197,1.732
3198,1.832
3199,1.828
3200,2.042
3201,1.796
3202,1.8
3203,1.826
3204,1.7380000000000002
3205,1.828
3206,2.026
3207,1.74
3208,1.826
3209,1.8
3210,1.7719999999999998
3211,1.766
3212,1.93
3213,1.76
3214,1.7380000000000002
3215,1.866
3216,1.766
3217,1.826
3218,1.934
3219,1.7719999999999998
3220,1.766
3221,1.826
3222,1.7380000000000002
3223,1.834
3224,1.994
3225,1.872
3226,1.726
3227,1.8
3228,1.804
3229,1.732
3230,2.0340000000000003
3231,1.8
3232,1.798
3233,1.764
3234,1.858
3235,1.766
3236,2.006
3237,1.832
3238,1.86
3239,1.7380000000000002
3240,1.862
3241,1.798
3242,1.94
3243,1.766
3244,1.8
3245,1.76
3246,1.872
3247,1.7280000000000002
3248,2.036
3249,1.806
3250,1.89
3251,1.672
3252,1.894
3253,1.7380000000000002
3254,1.962
3255,1.76
3256,1.84
3257,1.766
3258,1.826
3259,1.806
3260,2.0580000000000003
3261,1.838
3262,1.826
3263,1.8
3264,1.706
3265,1.8
3266,1.966
3267,1.826
3268,1.8
3269,1.7380000000000002
3270,1.89
3271,1.74
3272,2.024
3273,1.832
3274,1.7380000000000002
3275,1.8
3276,1.766
3277,1.834
3278,1.996
3279,1.8
3280,1.86
3281,1.7619999999999998
3282,1.8
3283,1.866
3284,2.0580000000000003
3285,1.7380000000000002
3286,1.834
3287,1.794
3288,1.898
3289,1.7380000000000002
3290,2.092
3291,1.706
3292,1.832
3293,1.796
3294,1.866
3295,1.794
3296,2.042
3297,1.8
3298,1.892
3299,1.704
3300,1.866
3301,1.9
3302,2.032
3303,1.826
3304,1.74
3305,1.8
3306,1.866
3307,1.766
3308,2.0
3309,1.764
3310,1.866
3311,1.7919999999999998
3312,1.832
3313,1.74
3314,2.032
3315,1.924
3316,1.732
3317,1.7380000000000002
3318,1.798
3319,1.766
3320,1.966
3321,2.366
3322,1.798
3323,1.834
3324,1.8
3325,1.8
3326,1.964
3327,1.8
3328,1.766
3329,1.798
3330,1.79
3331,1.806
3332,1.966
3333,1.826
3334,1.706
3335,1.7919999999999998
3336,1.806
3337,1.7919999999999998
3338,2.0
3339,1.84
3340,1.794
3341,1.7719999999999998
3342,1.866
3343,1.8
3344,2.028
3345,1.766
3346,1.828
3347,1.798
3348,1.9
3349,1.7919999999999998
3350,1.974
3351,1.8
3352,1.86
3353,1.7380000000000002
3354,1.9
3355,1.76
3356,2.036
3357,1.7719999999999998
3358,1.832
3359,1.766
3360,1.866
3361,1.798
3362,1.996
3363,1.826
3364,1.7719999999999998
3365,1.76
3366,1.872
3367,1.766
3368,2.194
3369,1.766
3370,1.732
3371,1.766
3372,1.768
3373,1.826
3374,1.906
3375,1.766
3376,1.766
3377,1.8
3378,1.79
3379,1.798
3380,2.002
3381,1.736
3382,1.76
3383,1.7380000000000002
3384,1.766
3385,1.766
3386,2.0
3387,1.766
3388,1.86
3389,1.74
3390,1.86
3391,1.704
3392,1.96
3393,1.7719999999999998
3394,1.734
3395,1.794
3396,1.8
3397,1.74
3398,1.996
3399,1.892
3400,1.672
3401,1.798
3402,1.864
3403,1.766
3404,2.0
3405,1.8
3406,1.828
3407,1.802
3408,1.866
3409,1.8
3410,2.068
3411,1.702
3412,1.892
3413,1.7380000000000002
3414,1.866
3415,1.832
3416,1.998
3417,1.8
3418,1.798
3419,1.8
3420,1.866
3421,1.7919999999999998
3422,1.976
3423,1.8
3424,1.76
3425,1.8
3426,1.7719999999999998
3427,1.798
3428,1.934
3429,1.798
3430,1.8
3431,1.858
3432,1.732
3433,1.7719999999999998
3434,1.934
3435,1.7619999999999998
3436,1.8
3437,1.672
3438,1.826
3439,1.7380000000000002
3440,1.934
3441,1.8
3442,1.734
3443,1.766
3444,1.766
3445,1.858
3446,1.9
3447,1.7380000000000002
3448,1.734
3449,1.8
3450,1.826
3451,1.806
3452,1.96
3453,1.7719999999999998
3454,1.832
3455,1.766
3456,1.894
3457,1.7380000000000002
3458,1.998
3459,1.76
3460,1.804
3461,1.826
3462,1.8
3463,1.806
3464,1.998
3465,1.83
3466,1.8
3467,1.798
3468,1.866
3469,1.766
3470,2.066
3471,1.766
3472,1.894
3473,1.74
3474,1.992
3475,1.798
3476,1.908
3477,1.766
3478,1.798
3479,1.764
3480,1.834
3481,1.766
3482,1.96
3483,1.806
3484,1.798
3485,1.8
3486,1.826
3487,1.77
3488,1.966
3489,1.8
3490,1.766
3491,1.798
3492,1.766
3493,1.892
3494,1.872
3495,1.83
3496,1.794
3497,1.7719999999999998
3498,1.826
3499,1.83
3500,1.904
3501,1.832
3502,1.766
3503,1.796
3504,1.8
3505,1.826
3506,1.906
3507,1.794
3508,1.7719999999999998
3509,1.766
3510,1.866
3511,1.794
3512,1.972
3513,1.766
3514,1.8
3515,1.832
3516,1.864
3517,1.764
3518,2.088
3519,1.77
3520,1.834
3521,1.76
3522,1.904
3523,1.824
3524,1.998
3525,1.7719999999999998
3526,1.866
3527,1.766
3528,1.868
3529,1.7619999999999998
3530,2.066
3531,1.636
3532,1.8
3533,1.756
3534,1.84
3535,1.794
3536,1.938
3537,1.798
3538,1.766
3539,1.824
3540,1.84
3541,1.832
3542,1.928
3543,1.828
3544,1.766
3545,1.798
3546,1.924
3547,1.7380000000000002
3548,1.966
3549,1.826
3550,1.774
3551,1.8
3552,1.798
3553,1.832
3554,1.966
3555,1.894
3556,1.706
3557,1.794
3558,1.806
3559,1.892
3560,1.942
3561,1.7619999999999998
3562,1.766
3563,1.858
3564,1.706
3565,1.766
3566,1.994
3567,1.706
3568,1.798
3569,1.794
3570,1.838
3571,1.826
3572,1.974
3573,1.73
3574,1.8
3575,1.794
3576,1.874
3577,1.766
3578,2.06
3579,1.7719999999999998
3580,1.864
3581,1.73
3582,1.898
3583,1.766
3584,2.028
3585,1.798
3586,1.706
3587,1.76
3588,1.806
3589,1.764
3590,2.0
3591,1.766
3592,1.832
3593,1.798
3594,1.866
3595,1.832
3596,1.966
3597,1.834
3598,1.766
3599,1.86
3600,1.7719999999999998
3601,1.826
3602,1.942
3603,1.826
3604,1.768
3605,1.84
3606,1.86
3607,1.7719999999999998
3608,2.0
3609,2.466
3610,1.766
3611,1.8
3612,1.834
3613,1.826
3614,1.976
3615,1.834
3616,1.7619999999999998
3617,1.832
3618,1.834
3619,1.866
3620,2.0
3621,1.832
3622,1.83
3623,1.798
3624,1.866
3625,1.794
3626,2.04
3627,1.834
3628,1.894
3629,1.672
3630,1.9
3631,1.766
3632,2.0340000000000003
3633,1.824
3634,1.87
3635,1.832
3636,1.83
3637,1.766
3638,1.998
3639,1.73
3640,1.764
3641,1.732
3642,1.894
3643,1.64
3644,1.966
3645,1.76
3646,1.8
3647,1.7380000000000002
3648,1.8
3649,1.6980000000000002
3650,1.966
3651,1.732
3652,1.76
3653,1.806
3654,1.766
3655,1.826
3656,2.006
3657,1.9
3658,1.862
3659,1.7919999999999998
3660,1.806
3661,1.83
3662,2.03
3663,1.826
3664,1.7719999999999998
3665,1.832
3666,1.834
3667,1.832
3668,1.964
3669,1.834
3670,1.766
3671,1.826
3672,1.806
3673,1.8
3674,2.028
3675,1.826
3676,1.7719999999999998
3677,1.89
3678,1.806
3679,1.766
3680,2.0980000000000003
3681,1.8
3682,1.828
3683,1.766
3684,1.872
3685,1.766
3686,2.094
3687,1.706
3688,1.76
3689,1.7719999999999998
3690,1.864
3691,1.766
3692,2.0340000000000003
3693,1.732
3694,1.766
3695,1.734
3696,1.894
3697,1.672
3698,1.962
3699,1.734
3700,1.74
3701,1.766
3702,1.826
3703,1.706
3704,1.966
3705,1.76
3706,1.7719999999999998
3707,1.7919999999999998
3708,1.7719999999999998
3709,1.766
3710,1.896
3711,1.83
3712,1.732
3713,1.8
3714,1.892
3715,1.706
3716,2.09
3717,1.804
3718,1.76
3719,1.806
3720,1.832
3721,1.832
3722,1.966
3723,1.826
3724,1.7719999999999998
3725,1.794
3726,1.84
3727,1.834
3728,2.0
3729,1.866
3730,1.7619999999999998
3731,1.8
3732,1.832
3733,1.8
3734,2.06
3735,1.766
3736,1.84
3737,1.834
3738,1.934
3739,1.832
3740,2.032
3741,1.76
3742,1.806
3743,1.76
3744,1.804
3745,1.76
3746,2.042
3747,1.76
3748,1.9
3749,1.706
3750,1.892
3751,1.702
3752,2.0
3753,1.832
3754,1.834
3755,1.8
3756,1.798
3757,1.766
3758,2.124
3759,1.64
3760,1.86
3761,1.706
3762,1.832
3763,1.864
3764,1.966
3765,1.8
3766,1.734
3767,1.8
3768,1.766
3769,1.798
3770,1.922
3771,1.806
3772,1.766
3773,1.794
3774,1.806
3775,1.8
3776,1.966
3777,1.89
3778,1.764
3779,1.834
3780,1.798
3781,1.834
3782,2.0
3783,1.826
3784,1.7380000000000002
3785,1.83
3786,1.832
3787,1.824
3788,1.936
3789,1.906
3790,1.832
3791,1.766
3792,1.898
3793,1.9
3794,1.994
3795,1.766
3796,1.8
3797,1.824
3798,1.806
3799,1.726
3800,2.008
3801,1.766
3802,1.8
3803,1.76
3804,1.866
3805,1.806
3806,2.06
3807,1.704
3808,1.8
3809,1.766
3810,1.86
3811,1.832
3812,1.908
3813,1.766
3814,1.8
3815,1.726
3816,1.94
3817,1.926
3818,1.868
3819,1.806
3820,1.826
3821,1.706
3822,1.954
3823,1.7719999999999998
3824,1.996
3825,1.826
3826,1.7380000000000002
3827,1.832
3828,1.798
3829,1.8
3830,1.934
3831,1.83
3832,1.732
3833,1.828
3834,1.806
3835,1.832
3836,2.126
3837,1.774
3838,1.8
3839,1.8
3840,1.76
3841,1.84
3842,2.024
3843,1.74
3844,1.8
3845,1.834
3846,1.834
3847,1.826
3848,2.01
3849,1.732
3850,1.794
3851,1.7719999999999998
3852,1.894
3853,1.704
3854,1.992
3855,1.704
3856,1.8
3857,1.7619999999999998
3858,1.834
3859,1.834
3860,1.996
3861,1.732
3862,1.798
3863,1.794
3864,1.7719999999999998
3865,1.79
3866,1.908
3867,1.7919999999999998
3868,1.832
3869,1.704
3870,1.856
3871,1.7719999999999998
3872,2.06
3873,1.7
3874,1.7719999999999998
3875,1.932
3876,1.832
3877,1.8
3878,2.022
3879,1.806
3880,1.766
3881,1.794
3882,1.806
3883,1.826
3884,2.13
3885,1.798
3886,1.806
3887,1.86
3888,1.7719999999999998
3889,1.8
3890,1.966
3891,1.9
3892,1.766
3893,1.832
3894,1.798
3895,1.8
3896,1.996
3897,1.858
3898,1.798
3899,1.804
3900,1.828
3901,2.488
3902,1.942
3903,1.734
3904,1.798
3905,1.766
3906,1.866
3907,1.73
3908,2.024
3909,1.706
3910,1.832
3911,1.694
3912,1.832
3913,1.796
3914,1.9
3915,1.7719999999999998
3916,1.798
3917,1.766
3918,1.86
3919,1.704
3920,1.996
3921,1.764
3922,1.86
3923,1.67
3924,1.864
3925,1.764
3926,1.996
3927,1.8
3928,1.8
3929,1.794
3930,1.806
3931,1.8
3932,1.934
3933,1.8
3934,1.766
3935,1.826
3936,1.77
3937,1.834
3938,1.956
3939,1.804
3940,1.766
3941,1.8
3942,1.7919999999999998
3943,1.7719999999999998
3944,2.056
3945,1.704
3946,1.766
3947,1.828
3948,1.732
3949,1.806
3950,1.964
3951,1.794
3952,1.668
3953,1.796
3954,1.6980000000000002
3955,1.73
3956,1.928
3957,1.734
3958,1.734
3959,1.8
3960,1.7719999999999998
3961,1.6980000000000002
3962,1.9
3963,1.73
3964,1.732
3965,1.7
3966,1.8
3967,1.732
3968,1.966
3969,1.732
3970,1.764
3971,1.7919999999999998
3972,1.73
3973,1.704
3974,1.996
3975,1.732
3976,1.766
3977,1.764
3978,1.798
3979,1.768
3980,1.994
3981,1.766
3982,1.7719999999999998
3983,1.794
3984,1.9
3985,1.67
3986,1.956
3987,1.838
3988,1.768
3989,1.834
3990,1.768
3991,1.834
3992,1.966
3993,1.798
3994,1.764
3995,1.764
3996,1.764
3997,1.796
3998,1.962
3999,1.808
4000,1.766
4001,1.8
4002,1.832
4003,1.794
4004,1.918
4005,1.87
4006,1.76
4007,1.766
4008,1.7
4009,1.806
4010,1.926
4011,1.806
4012,1.734
4013,1.732
4014,1.7619999999999998
4015,1.764
4016,1.992
4017,1.732
4018,1.806
4019,1.732
4020,1.794
4021,1.774
4022,1.966
4023,1.826
4024,1.704
4025,1.7919999999999998
4026,1.704
4027,1.7619999999999998
4028,1.972
4029,1.732
4030,1.824
4031,1.766
